k_gene_id,module,k_species_id,k_species_name,aaseq
nme:NMB0010,md:nme_M00002,nme,Neisseria meningitidis MC58,">nme:NMB0010 K00927 phosphoglycerate kinase [EC:2.7.2.3] | (RefSeq) pgk; phosphoglycerate kinase (A)
MAFLKLTEQNVQGKTVLIRADMNVPFKDGKISDDTRIRASLASIKYCVDNGASVIVMTHL
GRPTEGEFHPEDDVAPVAAHLGSLLGKDVKVLNDWRENKPALNAGDVVMLQNVRINKGEK
KNDLELGKAYASLCDVFVNDAFGTAHRAQASTEAVAQAAPVACAGVLMAGELDALGKALK
QPARPMVAIVAGSKVSTKLTILESLADKVDQLIVGGGIANTFLLAEGKAIGKSLAEHDLV
EESKKIMAKMAAKGGSVPLPTDVVVAKAFAADAEAVVKDIAADAEAVVKDIADVAEDEMI
LDIGPKSAAALADLLKAAGTVVWNGPVGVFEFDQFAGGTKALAEAIAQSKAFSIAGGGDT
LAAIAKFGVTEQIGYISTGGGAFLEFLEGKELPAVAALEKRGA
"
nme:NMB0089,md:nme_M00002,nme,Neisseria meningitidis MC58,">nme:NMB0089 K00873 pyruvate kinase [EC:2.7.1.40] | (RefSeq) pykA; pyruvate kinase (A)
MNQTSRDLTRISHNTKIVATLGPGSNNVELLEDMIRVGGLNVVRFNFSHGTPEFHQENAL
IVREAAKRAGQEIAIIADLQGPKIRVGKIAGGGIELNKGETLVLDAALEGEGTREAVGLD
YRDLPDDVAAGDVLWLDDGLLTLTVESVEGSRIITRVENSHVLKSNKGINKRGGGLSAGA
LTEKDFRDLKTAIAIGCDYLAISFVKSAEDLHIARAKVEEEMKGSTAVRPGLVSKIERVE
AIENLDEIILAGDGIMVARGDLAVEVGHAAVPALQKRMIRRARELRRFSITATQMMESMI
TNPVPTRAEVSDVANAVLDGTDAVMCSAETAVGAYPFETVSQMAIICAAAEKEQDSLNGV
AEQVEYPEAVSTNLAVAGGAVSVARAVHAKAIVALTESGSTAFEISRHNITLPIFALTPS
VSAQRRMAMYRGVRPLILATSTDHDTALNEVETMLVEHNILHSGDQYIITSGSQMRESGS
TNTLEVLRVK
"
nme:NMB0207,md:nme_M00002,nme,Neisseria meningitidis MC58,">nme:NMB0207 K00134 glyceraldehyde 3-phosphate dehydrogenase [EC:1.2.1.12] | (RefSeq) gapA-1; glyceraldehyde-3-phosphate dehydrogenase (A)
MGIKVAINGYGRIGRQVLRAIYDYQIQDQLQIVAVNASGSLETNAHLTKFDTVHGRFEAD
VSHDGGNLIVNGDKIPFFSTRNPAELPWKELGVDLVMECTGAFTSKEKAKIHLESGAKKV
LISAPGGDDVDATVVYGVNDSVLTADMTVVSNASCTTNCLSPVAKVLSESVGIVKGAMTT
IHALTNDQTVTDVRHKDLRRARSGVENMIPTKTGAAKAVGLVLPELKGRLDGLAIRVPTV
NVSLVDLSFQAARDTTVEEINALMKAASEAGPLKGVLGYNTLPLVSMDFNHTTEASHFDA
TLTKVVDGNMVKVFAWYDNEWGFSCQMLNTARRMFGLEVRPLK
"
nme:NMB1285,md:nme_M00002,nme,Neisseria meningitidis MC58,">nme:NMB1285 K01689 enolase [EC:4.2.1.11] | (RefSeq) eno; phosphopyruvate hydratase (A)
MSAIVDIFAREILDSRGNPTVECDVLLESGVMGRAAVPSGASTGQKEALELRDGDKSRYS
GKGVLKAVEHVNNQIAQALIGIDANEQSYIDQIMIELDGTENKGNLGANATLAVSMAVAR
AAAEDSGLPLYRYLGGAGPMSLPVPMMNVINGGEHANNSLNIQEFMIMPVGAKSFREALR
CGAEIFHALKKLCDSKGFPTTVGDEGGFAPNLNSHKEALQLMVEATEAAGYKAGEDVLFA
LDCASSEFYKDGKYHLEAEGRSYTNAEFAEYLEGLVNEFPIISIEDGMDENDWEGWKLLT
EKLGGRVQLVGDDLFVTNPKILAEGIEKGVANALLVKVNQIGTLSETLKAVDLAKRNRYA
SVMSHRSGETEDSTIADLAVATNCMQIKTGSLSRSDRMAKYNQLLRIEEELAEAADYPSK
AAFYQLGK
"
